spec,volume,exposedarea
407,32000,66.15
406,5678,16.3
406,5254,18
406,6272,20
406,4343,16
406,2380,13
406,3372,13
412,30700,88
412,20441,59
406,38000,86.86
407,22712.5,49.89
407,22712.5,49.89
406,11365.225,24.06188736
406,9546.789,17.83738368
406,4546.09,8.8257888
406,6819.135,11.98449216
406,9546.789,19.78834752
406,16670,41.2
